codigo_organismo,nombre_organismo,anio_informado,trimestre_informado,item_de_gastos,unidad_monetaria,enero,febrero,marzo,abril,mayo,junio,julio,agosto,septiembre,octubre,noviembre,diciembre
PP006,Partido Movimiento Independiente Regionalista Agrario y Social (MIRAS),2016,Oct - Dic,Gastos de Personal,Pesos,0,0,0,0,0,0,0,0,0,0,0,0
PP006,Partido Movimiento Independiente Regionalista Agrario y Social (MIRAS),2016,Oct - Dic,Gastos de adquisición de bienes y servicios o gastos corrientes,Pesos,0,0,0,0,0,0,0,0,0,5693310,994,64079
PP006,Partido Movimiento Independiente Regionalista Agrario y Social (MIRAS),2016,Oct - Dic,Gastos financieros por préstamos de corto plazo,Pesos,0,0,0,0,0,0,0,0,0,0,0,0
PP006,Partido Movimiento Independiente Regionalista Agrario y Social (MIRAS),2016,Oct - Dic,Gastos financieros por préstamos de largo plazo,Pesos,0,0,0,0,0,0,0,0,0,0,0,0
PP006,Partido Movimiento Independiente Regionalista Agrario y Social (MIRAS),2016,Oct - Dic,Otros gastos de administración,Pesos,0,0,0,0,0,0,0,0,0,0,315,0
PP006,Partido Movimiento Independiente Regionalista Agrario y Social (MIRAS),2016,Oct - Dic,Gastos de actividades de investigación,Pesos,0,0,0,0,0,0,0,0,0,0,0,0
PP006,Partido Movimiento Independiente Regionalista Agrario y Social (MIRAS),2016,Oct - Dic,Gastos de actividades de educación cívica,Pesos,0,0,0,0,0,0,0,0,0,0,0,0
PP006,Partido Movimiento Independiente Regionalista Agrario y Social (MIRAS),2016,Oct - Dic,Gastos de actividades de fomento a la participación femenina,Pesos,0,0,0,0,0,0,0,0,0,2065091,0,0
PP006,Partido Movimiento Independiente Regionalista Agrario y Social (MIRAS),2016,Oct - Dic,Gastos de actividades de fomento a la participación de los jóvenes,Pesos,0,0,0,0,0,0,0,0,0,0,0,0
PP006,Partido Movimiento Independiente Regionalista Agrario y Social (MIRAS),2016,Oct - Dic,Gastos financieros por préstamos de corto plazo,Pesos,0,0,0,0,0,0,0,0,0,0,0,0
PP006,Partido Movimiento Independiente Regionalista Agrario y Social (MIRAS),2016,Oct - Dic,Gastos financieros por préstamos de largo plazo,Pesos,0,0,0,0,0,0,0,0,0,0,0,0
PP006,Partido Movimiento Independiente Regionalista Agrario y Social (MIRAS),2016,Oct - Dic,"Créditos de corto plazo, inversiones y valores de operaciones de capital",Pesos,0,0,0,0,0,0,0,0,0,0,0,0
PP006,Partido Movimiento Independiente Regionalista Agrario y Social (MIRAS),2016,Oct - Dic,"Créditos de largo plazo, inversiones y valores de operaciones de capital",Pesos,0,0,0,0,0,0,0,0,0,0,0,0
PP006,Partido Movimiento Independiente Regionalista Agrario y Social (MIRAS),2016,Oct - Dic,Gastos de las actividades de preparación de candidatos a cargos de elección popular,Pesos,0,0,0,0,0,0,0,0,0,706666,0,0
PP006,Partido Movimiento Independiente Regionalista Agrario y Social (MIRAS),2016,Oct - Dic,Gastos de las actividades de formación de militantes,Pesos,0,0,0,0,0,0,0,0,0,0,0,0
PP007,Partido Comunista de Chile (PCCH),2017,Ene - Mar,Gastos de Personal,Pesos,50687305,27728047,45544713,0,0,0,0,0,0,0,0,0
PP007,Partido Comunista de Chile (PCCH),2017,Ene - Mar,Gastos de adquisición de bienes y servicios o gastos corrientes,Pesos,24785640,25610720,37716323,0,0,0,0,0,0,0,0,0
PP007,Partido Comunista de Chile (PCCH),2017,Ene - Mar,Gastos financieros por préstamos de corto plazo,Pesos,0,0,0,0,0,0,0,0,0,0,0,0
PP007,Partido Comunista de Chile (PCCH),2017,Ene - Mar,Gastos financieros por préstamos de largo plazo,Pesos,0,0,0,0,0,0,0,0,0,0,0,0
PP007,Partido Comunista de Chile (PCCH),2017,Ene - Mar,Otros gastos de administración,Pesos,36184546,7430474,1501011,0,0,0,0,0,0,0,0,0
PP007,Partido Comunista de Chile (PCCH),2017,Ene - Mar,Gastos de actividades de investigación,Pesos,0,0,0,0,0,0,0,0,0,0,0,0
PP007,Partido Comunista de Chile (PCCH),2017,Ene - Mar,Gastos de actividades de educación cívica,Pesos,0,0,0,0,0,0,0,0,0,0,0,0
PP007,Partido Comunista de Chile (PCCH),2017,Ene - Mar,Gastos de actividades de fomento a la participación femenina,Pesos,0,0,0,0,0,0,0,0,0,0,0,0
PP007,Partido Comunista de Chile (PCCH),2017,Ene - Mar,Gastos de actividades de fomento a la participación de los jóvenes,Pesos,2000000,0,0,0,0,0,0,0,0,0,0,0
PP007,Partido Comunista de Chile (PCCH),2017,Ene - Mar,Gastos financieros por préstamos de corto plazo,Pesos,0,0,0,0,0,0,0,0,0,0,0,0
PP007,Partido Comunista de Chile (PCCH),2017,Ene - Mar,Gastos financieros por préstamos de largo plazo,Pesos,0,0,0,0,0,0,0,0,0,0,0,0
PP007,Partido Comunista de Chile (PCCH),2017,Ene - Mar,"Créditos de corto plazo, inversiones y valores de operaciones de capital",Pesos,0,0,0,0,0,0,0,0,0,0,0,0
PP007,Partido Comunista de Chile (PCCH),2017,Ene - Mar,"Créditos de largo plazo, inversiones y valores de operaciones de capital",Pesos,1552941,8747713,3874273,0,0,0,0,0,0,0,0,0
PP007,Partido Comunista de Chile (PCCH),2017,Ene - Mar,Gastos de las actividades de preparación de candidatos a cargos de elección popular,Pesos,0,0,0,0,0,0,0,0,0,0,0,0
PP007,Partido Comunista de Chile (PCCH),2017,Ene - Mar,Gastos de las actividades de formación de militantes,Pesos,0,0,0,0,0,0,0,0,0,0,0,0
PP010,Partido Ecologista Verde (PEV),2016,Oct - Dic,Gastos de Personal,Pesos,0,0,0,0,0,0,0,0,0,5560224,0,NA
PP010,Partido Ecologista Verde (PEV),2016,Oct - Dic,Gastos de adquisición de bienes y servicios o gastos corrientes,Pesos,0,0,0,0,0,0,0,0,0,1316302,NA,NA
PP010,Partido Ecologista Verde (PEV),2016,Oct - Dic,Gastos financieros por préstamos de corto plazo,Pesos,0,0,0,0,0,0,0,0,0,0,0,0
PP010,Partido Ecologista Verde (PEV),2016,Oct - Dic,Gastos financieros por préstamos de largo plazo,Pesos,0,0,0,0,0,0,0,0,0,0,0,0
PP010,Partido Ecologista Verde (PEV),2016,Oct - Dic,Otros gastos de administración,Pesos,0,0,0,0,0,0,0,0,0,0,0,NA
PP010,Partido Ecologista Verde (PEV),2016,Oct - Dic,Gastos de actividades de investigación,Pesos,0,0,0,0,0,0,0,0,0,0,0,0
PP010,Partido Ecologista Verde (PEV),2016,Oct - Dic,Gastos de actividades de educación cívica,Pesos,0,0,0,0,0,0,0,0,0,0,0,0
PP010,Partido Ecologista Verde (PEV),2016,Oct - Dic,Gastos de actividades de fomento a la participación femenina,Pesos,0,0,0,0,0,0,0,0,0,0,0,NA
PP010,Partido Ecologista Verde (PEV),2016,Oct - Dic,Gastos de actividades de fomento a la participación de los jóvenes,Pesos,0,0,0,0,0,0,0,0,0,0,0,0
PP010,Partido Ecologista Verde (PEV),2016,Oct - Dic,"Créditos de corto plazo, inversiones y valores de operaciones de capital",Pesos,0,0,0,0,0,0,0,0,0,0,0,0
PP010,Partido Ecologista Verde (PEV),2016,Oct - Dic,"Créditos de largo plazo, inversiones y valores de operaciones de capital",Pesos,0,0,0,0,0,0,0,0,0,0,0,0
PP010,Partido Ecologista Verde (PEV),2016,Oct - Dic,Gastos de las actividades de preparación de candidatos a cargos de elección popular,Pesos,0,0,0,0,0,0,0,0,0,0,0,0
PP010,Partido Ecologista Verde (PEV),2016,Oct - Dic,Gastos de las actividades de formación de militantes,Pesos,0,0,0,0,0,0,0,0,0,0,0,0
PP010,Partido Ecologista Verde (PEV),2017,Ene - Mar,Gastos de personal,Pesos,2122903,3777556,10436636,0,0,0,0,0,0,0,0,0
PP010,Partido Ecologista Verde (PEV),2017,Ene - Mar,Gastos de adquisición de bienes y servicios o gastos corrientes,Pesos,814174,1614319,2609051,0,0,0,0,0,0,0,0,0
PP010,Partido Ecologista Verde (PEV),2017,Ene - Mar,Otros gastos de administración,Pesos,152313,1362995,2644719,0,0,0,0,0,0,0,0,0
PP010,Partido Ecologista Verde (PEV),2017,Ene - Mar,Gastos de actividades de investigación,Pesos,0,0,0,0,0,0,0,0,0,0,0,0
PP010,Partido Ecologista Verde (PEV),2017,Ene - Mar,Gastos de actividades de educación cívica,Pesos,0,0,0,0,0,0,0,0,0,0,0,0
PP010,Partido Ecologista Verde (PEV),2017,Ene - Mar,Gastos de actividades de fomento a la participación femenina,Pesos,0,0,0,0,0,0,0,0,0,0,0,0
PP010,Partido Ecologista Verde (PEV),2017,Ene - Mar,Gastos de actividades de fomento a la participación de los jóvenes,Pesos,0,0,0,0,0,0,0,0,0,0,0,0
PP010,Partido Ecologista Verde (PEV),2017,Ene - Mar,Gastos de las actividades de preparación de candidatos a cargos de elección popular,Pesos,0,0,0,0,0,0,0,0,0,0,0,0
PP010,Partido Ecologista Verde (PEV),2017,Ene - Mar,Gastos de las actividades de formación de militantes,Pesos,0,0,0,0,0,0,0,0,0,0,0,0
PP010,Partido Ecologista Verde (PEV),2017,Ene - Mar,Gastos financieros por préstamos de corto plazo,Pesos,0,0,0,0,0,0,0,0,0,0,0,0
PP010,Partido Ecologista Verde (PEV),2017,Ene - Mar,Gastos financieros por préstamos de largo plazo,Pesos,0,0,0,0,0,0,0,0,0,0,0,0
PP010,Partido Ecologista Verde (PEV),2017,Ene - Mar,"Créditos de corto plazo, inversiones y valores de operaciones de capital",Pesos,0,0,0,0,0,0,0,0,0,0,0,0
PP010,Partido Ecologista Verde (PEV),2017,Ene - Mar,"Créditos de largo plazo, inversiones y valores de operaciones de capital",Pesos,0,0,0,0,0,0,0,0,0,0,0,0
PP011,Partido Evolución Política (Evópoli),2017,Ene - Mar,Gastos de Personal,Pesos,7772346,0,0,0,0,0,0,0,0,0,0,0
PP011,Partido Evolución Política (Evópoli),2017,Ene - Mar,Gastos de adquisición de bienes y servicios o gastos corrientes,Pesos,30895341,0,0,0,0,0,0,0,0,0,0,0
PP011,Partido Evolución Política (Evópoli),2017,Ene - Mar,Otros gastos de administración,Pesos,0,0,0,0,0,0,0,0,0,0,0,0
PP011,Partido Evolución Política (Evópoli),2017,Ene - Mar,Gastos de actividades de investigación,Pesos,0,0,0,0,0,0,0,0,0,0,0,0
PP011,Partido Evolución Política (Evópoli),2017,Ene - Mar,Gastos de actividades de educación cívica,Pesos,0,0,0,0,0,0,0,0,0,0,0,0
PP011,Partido Evolución Política (Evópoli),2017,Ene - Mar,Gastos de actividades de fomento a la participación femenina,Pesos,500000,0,0,0,0,0,0,0,0,0,0,0
PP011,Partido Evolución Política (Evópoli),2017,Ene - Mar,Gastos de actividades de fomento a la participación de los jóvenes,Pesos,0,0,0,0,0,0,0,0,0,0,0,0
PP011,Partido Evolución Política (Evópoli),2017,Ene - Mar,Gastos de las actividades de preparación de candidatos a cargos de elección popular,Pesos,0,0,0,0,0,0,0,0,0,0,0,0
PP011,Partido Evolución Política (Evópoli),2017,Ene - Mar,Gastos de las actividades de formación de militantes,Pesos,0,0,0,0,0,0,0,0,0,0,0,0
PP011,Partido Evolución Política (Evópoli),2017,Ene - Mar,Gastos financieros por préstamos de corto plazo,Pesos,0,0,0,0,0,0,0,0,0,0,0,0
PP011,Partido Evolución Política (Evópoli),2017,Ene - Mar,Gastos financieros por préstamos de largo plazo,Pesos,0,0,0,0,0,0,0,0,0,0,0,0
PP011,Partido Evolución Política (Evópoli),2017,Ene - Mar,"Créditos de corto plazo, inversiones y valores de operaciones de capital",Pesos,0,0,0,0,0,0,0,0,0,0,0,0
PP011,Partido Evolución Política (Evópoli),2017,Ene - Mar,"Créditos de largo plazo, inversiones y valores de operaciones de capital",Pesos,0,0,0,0,0,0,0,0,0,0,0,0
PP014,Partido Humanista (PH),2016,Oct - Dic,Gastos de personal,Pesos,0,0,0,0,0,0,0,0,0,3537357,3526173,3744644
PP014,Partido Humanista (PH),2016,Oct - Dic,Gastos de adquisición de bienes y servicios o gastos corrientes,Pesos,0,0,0,0,0,0,0,0,0,2600474,11183568,28922408
PP014,Partido Humanista (PH),2016,Oct - Dic,Gastos financieros por préstamos de corto plazo,Pesos,0,0,0,0,0,0,0,0,0,0,0,0
PP014,Partido Humanista (PH),2016,Oct - Dic,Gastos financieros por préstamos de largo plazo,Pesos,0,0,0,0,0,0,0,0,0,0,0,0
PP014,Partido Humanista (PH),2016,Oct - Dic,Otros gastos de administración,Pesos,0,0,0,0,0,0,0,0,0,40800,137879,0
PP014,Partido Humanista (PH),2016,Oct - Dic,Gastos de actividades de investigación,Pesos,0,0,0,0,0,0,0,0,0,0,0,0
PP014,Partido Humanista (PH),2016,Oct - Dic,Gastos de actividades de educación cívica,Pesos,0,0,0,0,0,0,0,0,0,0,0,0
PP014,Partido Humanista (PH),2016,Oct - Dic,Gastos de actividades de fomento a la participación femenina,Pesos,0,0,0,0,0,0,0,0,0,0,1000000,21050956
PP014,Partido Humanista (PH),2016,Oct - Dic,Gastos de actividades de fomento a la participación de los jóvenes,Pesos,0,0,0,0,0,0,0,0,0,0,0,0
PP014,Partido Humanista (PH),2016,Oct - Dic,Gastos financieros por préstamos de corto plazo,Pesos,0,0,0,0,0,0,0,0,0,0,0,0
PP014,Partido Humanista (PH),2016,Oct - Dic,Gastos financieros por préstamos de largo plazo,Pesos,0,0,0,0,0,0,0,0,0,0,0,0
PP014,Partido Humanista (PH),2016,Oct - Dic,"Créditos de corto plazo, inversiones y valores de operaciones de capital",Pesos,0,0,0,0,0,0,0,0,0,0,0,0
PP014,Partido Humanista (PH),2016,Oct - Dic,"Créditos de largo plazo, inversiones y valores de operaciones de capital",Pesos,0,0,0,0,0,0,0,0,0,0,0,0
PP014,Partido Humanista (PH),2016,Oct - Dic,Gastos de las actividades de preparación de candidatos a cargos de elección popular,Pesos,0,0,0,0,0,0,0,0,0,0,0,0
PP014,Partido Humanista (PH),2016,Oct - Dic,Gastos de las actividades de formación de militantes,Pesos,0,0,0,0,0,0,0,0,0,0,0,0
PP014,Partido Humanista (PH),2017,Ene - Mar,Gastos de Personal,Pesos,15018306,14777680,8465994,0,0,0,0,0,0,0,0,0
PP014,Partido Humanista (PH),2017,Ene - Mar,Gastos de adquisición de bienes y servicios o gastos corrientes,Pesos,4131909,258953,1164629,0,0,0,0,0,0,0,0,0
PP014,Partido Humanista (PH),2017,Ene - Mar,Gastos financieros por préstamos de corto plazo,Pesos,0,0,0,0,0,0,0,0,0,0,0,0
PP014,Partido Humanista (PH),2017,Ene - Mar,Gastos financieros por préstamos de largo plazo,Pesos,0,0,0,0,0,0,0,0,0,0,0,0
PP014,Partido Humanista (PH),2017,Ene - Mar,Otros gastos de administración,Pesos,0,1363038,1604944,0,0,0,0,0,0,0,0,0
PP014,Partido Humanista (PH),2017,Ene - Mar,Gastos de actividades de investigación,Pesos,0,0,0,0,0,0,0,0,0,0,0,0
PP014,Partido Humanista (PH),2017,Ene - Mar,Gastos de actividades de educación cívica,Pesos,0,0,0,0,0,0,0,0,0,0,0,0
PP014,Partido Humanista (PH),2017,Ene - Mar,Gastos de actividades de fomento a la participación femenina,Pesos,0,0,0,0,0,0,0,0,0,0,0,0
PP014,Partido Humanista (PH),2017,Ene - Mar,Gastos de actividades de fomento a la participación de los jóvenes,Pesos,0,0,0,0,0,0,0,0,0,0,0,0
PP014,Partido Humanista (PH),2017,Ene - Mar,Gastos financieros por préstamos de corto plazo,Pesos,0,0,0,0,0,0,0,0,0,0,0,0
PP014,Partido Humanista (PH),2017,Ene - Mar,Gastos financieros por préstamos de largo plazo,Pesos,0,0,0,0,0,0,0,0,0,0,0,0
PP014,Partido Humanista (PH),2017,Ene - Mar,"Créditos de corto plazo, inversiones y valores de operaciones de capital",Pesos,0,0,0,0,0,0,0,0,0,0,0,0
PP014,Partido Humanista (PH),2017,Ene - Mar,"Créditos de largo plazo, inversiones y valores de operaciones de capital",Pesos,0,0,0,0,0,0,0,0,0,0,0,0
PP014,Partido Humanista (PH),2017,Ene - Mar,Gastos de las actividades de preparación de candidatos a cargos de elección popular,Pesos,0,0,0,0,0,0,0,0,0,0,0,0
PP014,Partido Humanista (PH),2017,Ene - Mar,Gastos de las actividades de formación de militantes,Pesos,0,0,0,0,0,0,0,0,0,0,0,0
PP019,Partido Por la Democracia (PPD),2016,Oct - Dic,Gastos de personal,Pesos,0,0,0,0,0,0,0,0,0,21983333,NA,NA
PP019,Partido Por la Democracia (PPD),2016,Oct - Dic,Gastos de adquisición de bienes y servicios o gastos corrientes,Pesos,0,0,0,0,0,0,0,0,0,21273282,NA,NA
PP019,Partido Por la Democracia (PPD),2016,Oct - Dic,Gastos financieros por préstamos de corto plazo,Pesos,0,0,0,0,0,0,0,0,0,0,0,0
PP019,Partido Por la Democracia (PPD),2016,Oct - Dic,Gastos financieros por préstamos de largo plazo,Pesos,0,0,0,0,0,0,0,0,0,0,0,0
PP019,Partido Por la Democracia (PPD),2016,Oct - Dic,Otros gastos de administración,Pesos,0,0,0,0,0,0,0,0,0,0,0,0
PP019,Partido Por la Democracia (PPD),2016,Oct - Dic,Gastos de actividades de investigación,Pesos,0,0,0,0,0,0,0,0,0,10500000,NA,NA
PP019,Partido Por la Democracia (PPD),2016,Oct - Dic,Gastos de actividades de educación cívica,Pesos,0,0,0,0,0,0,0,0,0,0,0,0
PP019,Partido Por la Democracia (PPD),2016,Oct - Dic,Gastos de actividades de fomento a la participación femenina,Pesos,0,0,0,0,0,0,0,0,0,7193531,NA,NA
PP019,Partido Por la Democracia (PPD),2016,Oct - Dic,Gastos de actividades de fomento a la participación de los jóvenes,Pesos,0,0,0,0,0,0,0,0,0,4489760,NA,167531
PP019,Partido Por la Democracia (PPD),2016,Oct - Dic,"Créditos de corto plazo, inversiones y valores de operaciones de capital",Pesos,0,0,0,0,0,0,0,0,0,0,0,0
PP019,Partido Por la Democracia (PPD),2016,Oct - Dic,"Créditos de largo plazo, inversiones y valores de operaciones de capital",Pesos,0,0,0,0,0,0,0,0,0,0,0,0
PP019,Partido Por la Democracia (PPD),2016,Oct - Dic,Gastos de las actividades de preparación de candidatos a cargos de elección popular,Pesos,0,0,0,0,0,0,0,0,0,999999,0,424
PP019,Partido Por la Democracia (PPD),2016,Oct - Dic,Gastos de las actividades de formación de militantes,Pesos,0,0,0,0,0,0,0,0,0,0,0,0
PP019,Partido Por la Democracia (PPD),2017,Ene - Mar,Gastos de personal,Pesos,59920861,49114018,61378119,0,0,0,0,0,0,0,0,0
PP019,Partido Por la Democracia (PPD),2017,Ene - Mar,Gastos de adquisición de bienes y servicios o gastos corrientes,Pesos,34136775,36649990,38798537,0,0,0,0,0,0,0,0,0
PP019,Partido Por la Democracia (PPD),2017,Ene - Mar,Gastos financieros por préstamos de corto plazo,Pesos,0,0,0,0,0,0,0,0,0,0,0,0
PP019,Partido Por la Democracia (PPD),2017,Ene - Mar,Gastos financieros por préstamos de largo plazo,Pesos,0,0,0,0,0,0,0,0,0,0,0,0
PP019,Partido Por la Democracia (PPD),2017,Ene - Mar,Otros gastos de administración,Pesos,0,0,0,0,0,0,0,0,0,0,0,0
PP019,Partido Por la Democracia (PPD),2017,Ene - Mar,Gastos de actividades de investigación,Pesos,0,0,0,0,0,0,0,0,0,0,0,0
PP019,Partido Por la Democracia (PPD),2017,Ene - Mar,Gastos de actividades de educación cívica,Pesos,0,0,1071000,0,0,0,0,0,0,0,0,0
PP019,Partido Por la Democracia (PPD),2017,Ene - Mar,Gastos de actividades de fomento a la participación femenina,Pesos,1325088,500000,3064078,0,0,0,0,0,0,0,0,0
PP019,Partido Por la Democracia (PPD),2017,Ene - Mar,Gastos de actividades de fomento a la participación de los jóvenes,Pesos,0,0,0,0,0,0,0,0,0,0,0,0
PP019,Partido Por la Democracia (PPD),2017,Ene - Mar,"Créditos de corto plazo, inversiones y valores de operaciones de capital",Pesos,0,0,0,0,0,0,0,0,0,0,0,0
PP019,Partido Por la Democracia (PPD),2017,Ene - Mar,"Créditos de largo plazo, inversiones y valores de operaciones de capital",Pesos,0,0,0,0,0,0,0,0,0,0,0,0
PP019,Partido Por la Democracia (PPD),2017,Ene - Mar,Gastos de las actividades de preparación de candidatos a cargos de elección popular,Pesos,0,0,0,0,0,0,0,0,0,0,0,0
PP019,Partido Por la Democracia (PPD),2017,Ene - Mar,Gastos de las actividades de formación de militantes,Pesos,0,0,0,0,0,0,0,0,0,0,0,0
PP019,Partido Por la Democracia (PPD),2017,Abr - Jun,Gastos de personal,Pesos,0,0,0,NA,0,0,0,0,0,0,0,0
PP019,Partido Por la Democracia (PPD),2017,Abr - Jun,Gastos de adquisición de bienes y servicios o gastos corrientes,Pesos,0,0,0,NA,0,0,0,0,0,0,0,0
PP019,Partido Por la Democracia (PPD),2017,Abr - Jun,Gastos financieros por préstamos de corto plazo,Pesos,0,0,0,0,0,0,0,0,0,0,0,0
PP019,Partido Por la Democracia (PPD),2017,Abr - Jun,Gastos financieros por préstamos de largo plazo,Pesos,0,0,0,0,0,0,0,0,0,0,0,0
PP019,Partido Por la Democracia (PPD),2017,Abr - Jun,Otros gastos de administración,Pesos,0,0,0,0,0,0,0,0,0,0,0,0
PP019,Partido Por la Democracia (PPD),2017,Abr - Jun,Gastos de actividades de investigación,Pesos,0,0,0,0,0,0,0,0,0,0,0,0
PP019,Partido Por la Democracia (PPD),2017,Abr - Jun,Gastos de actividades de educación cívica,Pesos,0,0,0,0,0,0,0,0,0,0,0,0
PP019,Partido Por la Democracia (PPD),2017,Abr - Jun,Gastos de actividades de fomento a la participación femenina,Pesos,0,0,0,NA,0,0,0,0,0,0,0,0
PP019,Partido Por la Democracia (PPD),2017,Abr - Jun,Gastos de actividades de fomento a la participación de los jóvenes,Pesos,0,0,0,0,0,0,0,0,0,0,0,0
PP019,Partido Por la Democracia (PPD),2017,Abr - Jun,"Créditos de corto plazo, inversiones y valores de operaciones de capital",Pesos,0,0,0,0,0,0,0,0,0,0,0,0
PP019,Partido Por la Democracia (PPD),2017,Abr - Jun,"Créditos de largo plazo, inversiones y valores de operaciones de capital",Pesos,0,0,0,0,0,0,0,0,0,0,0,0
PP019,Partido Por la Democracia (PPD),2017,Abr - Jun,Gastos de las actividades de preparación de candidatos a cargos de elección popular,Pesos,0,0,0,0,0,0,0,0,0,0,0,0
PP019,Partido Por la Democracia (PPD),2017,Abr - Jun,Gastos de las actividades de formación de militantes,Pesos,0,0,0,0,0,0,0,0,0,0,0,0
PP021,Partido Progresista (PRO),2016,Oct - Dic,Gastos de personal,Pesos,0,0,0,0,0,0,0,0,0,1200000,NA,NA
PP021,Partido Progresista (PRO),2016,Oct - Dic,Gastos de adquisición de bienes y servicios o gastos corrientes,Pesos,0,0,0,0,0,0,0,0,0,0,0,0
PP021,Partido Progresista (PRO),2016,Oct - Dic,Otros gastos de administración,Pesos,0,0,0,0,0,0,0,0,0,800000,NA,NA
PP021,Partido Progresista (PRO),2016,Oct - Dic,Gastos de actividades de investigación,Pesos,0,0,0,0,0,0,0,0,0,0,0,NA
PP021,Partido Progresista (PRO),2016,Oct - Dic,Gastos de actividades de educación cívica,Pesos,0,0,0,0,0,0,0,0,0,0,0,0
PP021,Partido Progresista (PRO),2016,Oct - Dic,Gastos de actividades de fomento a la participación femenina,Pesos,0,0,0,0,0,0,0,0,0,0,0,NA
PP021,Partido Progresista (PRO),2016,Oct - Dic,Gastos de actividades de fomento a la participación de los jóvenes,Pesos,0,0,0,0,0,0,0,0,0,0,0,0
PP021,Partido Progresista (PRO),2016,Oct - Dic,Gastos de las actividades de preparación de candidatos a cargos de elección popular,Pesos,0,0,0,0,0,0,0,0,0,0,0,0
PP021,Partido Progresista (PRO),2016,Oct - Dic,Gastos de las actividades de formación de militantes,Pesos,0,0,0,0,0,0,0,0,0,0,0,NA
PP021,Partido Progresista (PRO),2016,Oct - Dic,Gastos financieros por préstamos de corto plazo,Pesos,0,0,0,0,0,0,0,0,0,0,0,0
PP021,Partido Progresista (PRO),2016,Oct - Dic,Gastos financieros por préstamos de largo plazo,Pesos,0,0,0,0,0,0,0,0,0,0,0,0
PP021,Partido Progresista (PRO),2016,Oct - Dic,"Créditos de corto plazo, inversiones y valores de operaciones de capital",Pesos,0,0,0,0,0,0,0,0,0,0,0,0
PP021,Partido Progresista (PRO),2016,Oct - Dic,"Créditos de largo plazo, inversiones y valores de operaciones de capital",Pesos,0,0,0,0,0,0,0,0,0,0,0,0
PP021,Partido Progresista (PRO),2017,Ene - Mar,Gastos de personal,Pesos,1402498,0,1000000,0,0,0,0,0,0,0,0,0
PP021,Partido Progresista (PRO),2017,Ene - Mar,Gastos de adquisición de bienes y servicios o gastos corrientes,Pesos,4793269,3616500,7870557,0,0,0,0,0,0,0,0,0
PP021,Partido Progresista (PRO),2017,Ene - Mar,Otros gastos de administración,Pesos,697797,909411,553059,0,0,0,0,0,0,0,0,0
PP021,Partido Progresista (PRO),2017,Ene - Mar,Gastos de actividades de investigación,Pesos,0,0,0,0,0,0,0,0,0,0,0,0
PP021,Partido Progresista (PRO),2017,Ene - Mar,Gastos de actividades de educación cívica,Pesos,0,0,0,0,0,0,0,0,0,0,0,0
PP021,Partido Progresista (PRO),2017,Ene - Mar,Gastos de actividades de fomento a la participación femenina,Pesos,0,0,0,0,0,0,0,0,0,0,0,0
PP021,Partido Progresista (PRO),2017,Ene - Mar,Gastos de actividades de fomento a la participación de los jóvenes,Pesos,0,0,0,0,0,0,0,0,0,0,0,0
PP021,Partido Progresista (PRO),2017,Ene - Mar,Gastos de las actividades de preparación de candidatos a cargos de elección popular,Pesos,0,0,0,0,0,0,0,0,0,0,0,0
PP021,Partido Progresista (PRO),2017,Ene - Mar,Gastos de las actividades de formación de militantes,Pesos,0,0,0,0,0,0,0,0,0,0,0,0
PP021,Partido Progresista (PRO),2017,Ene - Mar,Gastos financieros por préstamos de corto plazo,Pesos,0,0,0,0,0,0,0,0,0,0,0,0
PP021,Partido Progresista (PRO),2017,Ene - Mar,Gastos financieros por préstamos de largo plazo,Pesos,0,0,0,0,0,0,0,0,0,0,0,0
PP021,Partido Progresista (PRO),2017,Ene - Mar,"Créditos de corto plazo, inversiones y valores de operaciones de capital",Pesos,0,0,0,0,0,0,0,0,0,0,0,0
PP021,Partido Progresista (PRO),2017,Ene - Mar,"Créditos de largo plazo, inversiones y valores de operaciones de capital",Pesos,0,0,0,0,0,0,0,0,0,0,0,0
PP021,Partido Progresista (PRO),2017,Ene - Mar,Gastos de personal,Pesos,0,0,0,0,0,0,0,0,0,0,0,0
PP021,Partido Progresista (PRO),2017,Ene - Mar,Gastos de adquisición de bienes y servicios o gastos corrientes,Pesos,597963,116550,0,0,0,0,0,0,0,0,0,0
PP021,Partido Progresista (PRO),2017,Ene - Mar,Otros gastos de administración,Pesos,0,0,0,0,0,0,0,0,0,0,0,0
PP021,Partido Progresista (PRO),2017,Ene - Mar,Gastos de actividades de investigación,Pesos,0,0,0,0,0,0,0,0,0,0,0,0
PP021,Partido Progresista (PRO),2017,Ene - Mar,Gastos de actividades de educación cívica,Pesos,0,0,0,0,0,0,0,0,0,0,0,0
PP021,Partido Progresista (PRO),2017,Ene - Mar,Gastos de actividades de fomento a la participación femenina,Pesos,0,0,0,0,0,0,0,0,0,0,0,0
PP021,Partido Progresista (PRO),2017,Ene - Mar,Gastos de actividades de fomento a la participación de los jóvenes,Pesos,0,0,0,0,0,0,0,0,0,0,0,0
PP021,Partido Progresista (PRO),2017,Ene - Mar,Gastos de las actividades de preparación de candidatos a cargos de elección popular,Pesos,0,0,0,0,0,0,0,0,0,0,0,0
PP021,Partido Progresista (PRO),2017,Ene - Mar,Gastos de las actividades de formación de militantes,Pesos,0,0,0,0,0,0,0,0,0,0,0,0
PP021,Partido Progresista (PRO),2017,Ene - Mar,Gastos financieros por préstamos de corto plazo,Pesos,0,0,0,0,0,0,0,0,0,0,0,0
PP021,Partido Progresista (PRO),2017,Ene - Mar,Gastos financieros por préstamos de largo plazo,Pesos,0,0,0,0,0,0,0,0,0,0,0,0
PP021,Partido Progresista (PRO),2017,Ene - Mar,"Créditos de corto plazo, inversiones y valores de operaciones de capital",Pesos,0,0,0,0,0,0,0,0,0,0,0,0
PP021,Partido Progresista (PRO),2017,Ene - Mar,"Créditos de largo plazo, inversiones y valores de operaciones de capital",Pesos,0,0,0,0,0,0,0,0,0,0,0,0
PP021,Partido Progresista (PRO),2017,Ene - Mar,Gastos de personal,Pesos,0,0,0,0,0,0,0,0,0,0,0,0
PP021,Partido Progresista (PRO),2017,Ene - Mar,Gastos de adquisición de bienes y servicios o gastos corrientes,Pesos,597963,0,0,0,0,0,0,0,0,0,0,0
PP021,Partido Progresista (PRO),2017,Ene - Mar,Otros gastos de administración,Pesos,0,0,0,0,0,0,0,0,0,0,0,0
PP021,Partido Progresista (PRO),2017,Ene - Mar,Gastos de actividades de investigación,Pesos,0,0,0,0,0,0,0,0,0,0,0,0
PP021,Partido Progresista (PRO),2017,Ene - Mar,Gastos de actividades de educación cívica,Pesos,0,0,0,0,0,0,0,0,0,0,0,0
PP021,Partido Progresista (PRO),2017,Ene - Mar,Gastos de actividades de fomento a la participación femenina,Pesos,0,0,0,0,0,0,0,0,0,0,0,0
PP021,Partido Progresista (PRO),2017,Ene - Mar,Gastos de actividades de fomento a la participación de los jóvenes,Pesos,0,0,0,0,0,0,0,0,0,0,0,0
PP021,Partido Progresista (PRO),2017,Ene - Mar,Gastos de las actividades de preparación de candidatos a cargos de elección popular,Pesos,0,0,0,0,0,0,0,0,0,0,0,0
PP021,Partido Progresista (PRO),2017,Ene - Mar,Gastos de las actividades de formación de militantes,Pesos,0,0,0,0,0,0,0,0,0,0,0,0
PP021,Partido Progresista (PRO),2017,Ene - Mar,Gastos financieros por préstamos de corto plazo,Pesos,0,0,0,0,0,0,0,0,0,0,0,0
PP021,Partido Progresista (PRO),2017,Ene - Mar,Gastos financieros por préstamos de largo plazo,Pesos,0,0,0,0,0,0,0,0,0,0,0,0
PP021,Partido Progresista (PRO),2017,Ene - Mar,"Créditos de corto plazo, inversiones y valores de operaciones de capital",Pesos,0,0,0,0,0,0,0,0,0,0,0,0
PP021,Partido Progresista (PRO),2017,Ene - Mar,"Créditos de largo plazo, inversiones y valores de operaciones de capital",Pesos,0,0,0,0,0,0,0,0,0,0,0,0
PP022,Partido Radical Socialdemócrata (PRSD),2016,Oct - Dic,Gastos de Personal,Pesos,0,0,0,0,0,0,0,0,0,13077584,NA,NA
PP022,Partido Radical Socialdemócrata (PRSD),2016,Oct - Dic,Gastos de adquisición de bienes y servicios o gastos corrientes,Pesos,0,0,0,0,0,0,0,0,0,1556930,573382,NA
PP022,Partido Radical Socialdemócrata (PRSD),2016,Oct - Dic,Gastos financieros por préstamos de corto plazo,Pesos,0,0,0,0,0,0,0,0,0,0,0,0
PP022,Partido Radical Socialdemócrata (PRSD),2016,Oct - Dic,Gastos financieros por préstamos de largo plazo,Pesos,0,0,0,0,0,0,0,0,0,0,0,0
PP022,Partido Radical Socialdemócrata (PRSD),2016,Oct - Dic,Otros gastos de administración,Pesos,0,0,0,0,0,0,0,0,0,20049302,NA,NA
PP022,Partido Radical Socialdemócrata (PRSD),2016,Oct - Dic,Gastos de actividades de investigación,Pesos,0,0,0,0,0,0,0,0,0,0,0,0
PP022,Partido Radical Socialdemócrata (PRSD),2016,Oct - Dic,Gastos de actividades de educación cívica,Pesos,0,0,0,0,0,0,0,0,0,0,0,0
PP022,Partido Radical Socialdemócrata (PRSD),2016,Oct - Dic,Gastos de actividades de fomento a la participación femenina,Pesos,0,0,0,0,0,0,0,0,0,0,0,NA
PP022,Partido Radical Socialdemócrata (PRSD),2016,Oct - Dic,Gastos de actividades de fomento a la participación de los jóvenes,Pesos,0,0,0,0,0,0,0,0,0,0,0,0
PP022,Partido Radical Socialdemócrata (PRSD),2016,Oct - Dic,Gastos financieros por préstamos de corto plazo,Pesos,0,0,0,0,0,0,0,0,0,0,0,0
PP022,Partido Radical Socialdemócrata (PRSD),2016,Oct - Dic,Gastos financieros por préstamos de largo plazo,Pesos,0,0,0,0,0,0,0,0,0,0,0,0
PP022,Partido Radical Socialdemócrata (PRSD),2016,Oct - Dic,"Créditos de corto plazo, inversiones y valores de operaciones de capital",Pesos,0,0,0,0,0,0,0,0,0,128018876,NA,NA
PP022,Partido Radical Socialdemócrata (PRSD),2016,Oct - Dic,"Créditos de largo plazo, inversiones y valores de operaciones de capital",Pesos,0,0,0,0,0,0,0,0,0,0,0,0
PP022,Partido Radical Socialdemócrata (PRSD),2016,Oct - Dic,Gastos de las actividades de preparación de candidatos a cargos de elección popular,Pesos,0,0,0,0,0,0,0,0,0,0,0,0
PP022,Partido Radical Socialdemócrata (PRSD),2016,Oct - Dic,Gastos de las actividades de formación de militantes,Pesos,0,0,0,0,0,0,0,0,0,0,0,0
PP022,Partido Radical Socialdemócrata (PRSD),2017,Ene - Mar,Gastos de Personal,Pesos,13843854,0,0,0,0,0,0,0,0,0,0,0
PP022,Partido Radical Socialdemócrata (PRSD),2017,Ene - Mar,Gastos de adquisición de bienes y servicios o gastos corrientes,Pesos,755168,0,0,0,0,0,0,0,0,0,0,0
PP022,Partido Radical Socialdemócrata (PRSD),2017,Ene - Mar,Gastos financieros por préstamos de corto plazo,Pesos,0,0,0,0,0,0,0,0,0,0,0,0
PP022,Partido Radical Socialdemócrata (PRSD),2017,Ene - Mar,Gastos financieros por préstamos de largo plazo,Pesos,0,0,0,0,0,0,0,0,0,0,0,0
PP022,Partido Radical Socialdemócrata (PRSD),2017,Ene - Mar,Otros gastos de administración,Pesos,26047936,0,0,0,0,0,0,0,0,0,0,0
PP022,Partido Radical Socialdemócrata (PRSD),2017,Ene - Mar,Gastos de actividades de investigación,Pesos,0,0,0,0,0,0,0,0,0,0,0,0
PP022,Partido Radical Socialdemócrata (PRSD),2017,Ene - Mar,Gastos de actividades de educación cívica,Pesos,6335218,0,0,0,0,0,0,0,0,0,0,0
PP022,Partido Radical Socialdemócrata (PRSD),2017,Ene - Mar,Gastos de actividades de fomento a la participación femenina,Pesos,0,0,0,0,0,0,0,0,0,0,0,0
PP022,Partido Radical Socialdemócrata (PRSD),2017,Ene - Mar,Gastos de actividades de fomento a la participación de los jóvenes,Pesos,0,0,0,0,0,0,0,0,0,0,0,0
PP022,Partido Radical Socialdemócrata (PRSD),2017,Ene - Mar,Gastos financieros por préstamos de corto plazo,Pesos,0,0,0,0,0,0,0,0,0,0,0,0
PP022,Partido Radical Socialdemócrata (PRSD),2017,Ene - Mar,Gastos financieros por préstamos de largo plazo,Pesos,0,0,0,0,0,0,0,0,0,0,0,0
PP022,Partido Radical Socialdemócrata (PRSD),2017,Ene - Mar,"Créditos de corto plazo, inversiones y valores de operaciones de capital",Pesos,128808015,0,0,0,0,0,0,0,0,0,0,0
PP022,Partido Radical Socialdemócrata (PRSD),2017,Ene - Mar,"Créditos de largo plazo, inversiones y valores de operaciones de capital",Pesos,0,0,0,0,0,0,0,0,0,0,0,0
PP022,Partido Radical Socialdemócrata (PRSD),2017,Ene - Mar,Gastos de las actividades de preparación de candidatos a cargos de elección popular,Pesos,0,0,0,0,0,0,0,0,0,0,0,0
PP022,Partido Radical Socialdemócrata (PRSD),2017,Ene - Mar,Gastos de las actividades de formación de militantes,Pesos,0,0,0,0,0,0,0,0,0,0,0,0
PP022,Partido Radical Socialdemócrata (PRSD),2017,Ene - Mar,Gastos de Personal,Pesos,13843854,12578807,0,0,0,0,0,0,0,0,0,0
PP022,Partido Radical Socialdemócrata (PRSD),2017,Ene - Mar,Gastos de adquisición de bienes y servicios o gastos corrientes,Pesos,755168,605181,0,0,0,0,0,0,0,0,0,0
PP022,Partido Radical Socialdemócrata (PRSD),2017,Ene - Mar,Gastos financieros por préstamos de corto plazo,Pesos,0,0,0,0,0,0,0,0,0,0,0,0
PP022,Partido Radical Socialdemócrata (PRSD),2017,Ene - Mar,Gastos financieros por préstamos de largo plazo,Pesos,0,0,0,0,0,0,0,0,0,0,0,0
PP022,Partido Radical Socialdemócrata (PRSD),2017,Ene - Mar,Otros gastos de administración,Pesos,26047936,5592532,0,0,0,0,0,0,0,0,0,0
PP022,Partido Radical Socialdemócrata (PRSD),2017,Ene - Mar,Gastos de actividades de investigación,Pesos,0,0,0,0,0,0,0,0,0,0,0,0
PP022,Partido Radical Socialdemócrata (PRSD),2017,Ene - Mar,Gastos de actividades de educación cívica,Pesos,6335218,2269986,0,0,0,0,0,0,0,0,0,0
PP022,Partido Radical Socialdemócrata (PRSD),2017,Ene - Mar,Gastos de actividades de fomento a la participación femenina,Pesos,0,0,0,0,0,0,0,0,0,0,0,0
PP022,Partido Radical Socialdemócrata (PRSD),2017,Ene - Mar,Gastos de actividades de fomento a la participación de los jóvenes,Pesos,0,0,0,0,0,0,0,0,0,0,0,0
PP022,Partido Radical Socialdemócrata (PRSD),2017,Ene - Mar,Gastos financieros por préstamos de corto plazo,Pesos,0,0,0,0,0,0,0,0,0,0,0,0
PP022,Partido Radical Socialdemócrata (PRSD),2017,Ene - Mar,Gastos financieros por préstamos de largo plazo,Pesos,0,0,0,0,0,0,0,0,0,0,0,0
PP022,Partido Radical Socialdemócrata (PRSD),2017,Ene - Mar,"Créditos de corto plazo, inversiones y valores de operaciones de capital",Pesos,128808015,130219024,0,0,0,0,0,0,0,0,0,0
PP022,Partido Radical Socialdemócrata (PRSD),2017,Ene - Mar,"Créditos de largo plazo, inversiones y valores de operaciones de capital",Pesos,0,0,0,0,0,0,0,0,0,0,0,0
PP022,Partido Radical Socialdemócrata (PRSD),2017,Ene - Mar,Gastos de las actividades de preparación de candidatos a cargos de elección popular,Pesos,0,0,0,0,0,0,0,0,0,0,0,0
PP022,Partido Radical Socialdemócrata (PRSD),2017,Ene - Mar,Gastos de las actividades de formación de militantes,Pesos,0,0,0,0,0,0,0,0,0,0,0,0
PP022,Partido Radical Socialdemócrata (PRSD),2016,Oct - Dic,Gastos de Personal,Pesos,0,0,0,0,0,0,0,0,0,13077584,NA,NA
PP022,Partido Radical Socialdemócrata (PRSD),2016,Oct - Dic,Gastos de adquisición de bienes y servicios o gastos corrientes,Pesos,0,0,0,0,0,0,0,0,0,1556930,573382,NA
PP022,Partido Radical Socialdemócrata (PRSD),2016,Oct - Dic,Gastos financieros por préstamos de corto plazo,Pesos,0,0,0,0,0,0,0,0,0,0,0,0
PP022,Partido Radical Socialdemócrata (PRSD),2016,Oct - Dic,Gastos financieros por préstamos de largo plazo,Pesos,0,0,0,0,0,0,0,0,0,0,0,0
PP022,Partido Radical Socialdemócrata (PRSD),2016,Oct - Dic,Otros gastos de administración,Pesos,0,0,0,0,0,0,0,0,0,20049302,NA,NA
PP022,Partido Radical Socialdemócrata (PRSD),2016,Oct - Dic,Gastos de actividades de investigación,Pesos,0,0,0,0,0,0,0,0,0,0,0,0
PP022,Partido Radical Socialdemócrata (PRSD),2016,Oct - Dic,Gastos de actividades de educación cívica,Pesos,0,0,0,0,0,0,0,0,0,0,0,0
PP022,Partido Radical Socialdemócrata (PRSD),2016,Oct - Dic,Gastos de actividades de fomento a la participación femenina,Pesos,0,0,0,0,0,0,0,0,0,0,0,NA
PP022,Partido Radical Socialdemócrata (PRSD),2016,Oct - Dic,Gastos de actividades de fomento a la participación de los jóvenes,Pesos,0,0,0,0,0,0,0,0,0,0,0,0
PP022,Partido Radical Socialdemócrata (PRSD),2016,Oct - Dic,Gastos financieros por préstamos de corto plazo,Pesos,0,0,0,0,0,0,0,0,0,0,0,0
PP022,Partido Radical Socialdemócrata (PRSD),2016,Oct - Dic,Gastos financieros por préstamos de largo plazo,Pesos,0,0,0,0,0,0,0,0,0,0,0,0
PP022,Partido Radical Socialdemócrata (PRSD),2016,Oct - Dic,"Créditos de corto plazo, inversiones y valores de operaciones de capital",Pesos,0,0,0,0,0,0,0,0,0,128018876,NA,NA
PP022,Partido Radical Socialdemócrata (PRSD),2016,Oct - Dic,"Créditos de largo plazo, inversiones y valores de operaciones de capital",Pesos,0,0,0,0,0,0,0,0,0,0,0,0
PP022,Partido Radical Socialdemócrata (PRSD),2016,Oct - Dic,Gastos de las actividades de preparación de candidatos a cargos de elección popular,Pesos,0,0,0,0,0,0,0,0,0,0,0,0
PP022,Partido Radical Socialdemócrata (PRSD),2016,Oct - Dic,Gastos de las actividades de formación de militantes,Pesos,0,0,0,0,0,0,0,0,0,0,0,0
PP022,Partido Radical Socialdemócrata (PRSD),2017,Abr - Jun,Gastos de Personal,Pesos,13843854,12578807,17736919,NA,0,0,0,0,0,0,0,0
PP022,Partido Radical Socialdemócrata (PRSD),2017,Abr - Jun,Gastos de adquisición de bienes y servicios o gastos corrientes,Pesos,755168,605181,2229368,NA,0,0,0,0,0,0,0,0
PP022,Partido Radical Socialdemócrata (PRSD),2017,Abr - Jun,Gastos financieros por préstamos de corto plazo,Pesos,0,0,0,0,0,0,0,0,0,0,0,0
PP022,Partido Radical Socialdemócrata (PRSD),2017,Abr - Jun,Gastos financieros por préstamos de largo plazo,Pesos,0,0,0,0,0,0,0,0,0,0,0,0
PP022,Partido Radical Socialdemócrata (PRSD),2017,Abr - Jun,Otros gastos de administración,Pesos,26047936,5592532,31227647,NA,0,0,0,0,0,0,0,0
PP022,Partido Radical Socialdemócrata (PRSD),2017,Abr - Jun,Gastos de actividades de investigación,Pesos,0,0,0,0,0,0,0,0,0,0,0,0
PP022,Partido Radical Socialdemócrata (PRSD),2017,Abr - Jun,Gastos de actividades de educación cívica,Pesos,6335218,2269986,9462313,NA,0,0,0,0,0,0,0,0
PP022,Partido Radical Socialdemócrata (PRSD),2017,Abr - Jun,Gastos de actividades de fomento a la participación femenina,Pesos,0,0,0,0,0,0,0,0,0,0,0,0
PP022,Partido Radical Socialdemócrata (PRSD),2017,Abr - Jun,Gastos de actividades de fomento a la participación de los jóvenes,Pesos,0,0,0,0,0,0,0,0,0,0,0,0
PP022,Partido Radical Socialdemócrata (PRSD),2017,Abr - Jun,Gastos financieros por préstamos de corto plazo,Pesos,0,0,0,0,0,0,0,0,0,0,0,0
PP022,Partido Radical Socialdemócrata (PRSD),2017,Abr - Jun,Gastos financieros por préstamos de largo plazo,Pesos,0,0,0,0,0,0,0,0,0,0,0,0
PP022,Partido Radical Socialdemócrata (PRSD),2017,Abr - Jun,"Créditos de corto plazo, inversiones y valores de operaciones de capital",Pesos,128808015,130219024,131311359,NA,0,0,0,0,0,0,0,0
PP022,Partido Radical Socialdemócrata (PRSD),2017,Abr - Jun,"Créditos de largo plazo, inversiones y valores de operaciones de capital",Pesos,0,0,0,0,0,0,0,0,0,0,0,0
PP022,Partido Radical Socialdemócrata (PRSD),2017,Abr - Jun,Gastos de las actividades de preparación de candidatos a cargos de elección popular,Pesos,0,0,0,0,0,0,0,0,0,0,0,0
PP022,Partido Radical Socialdemócrata (PRSD),2017,Abr - Jun,Gastos de las actividades de formación de militantes,Pesos,0,0,0,0,0,0,0,0,0,0,0,0
PP025,Partido Socialista de Chile PS,2016,Oct - Dic,Gastos de personal,Pesos,22685230,19905762,19208424,NA,NA,NA,NA,NA,NA,58549654,NA,NA
PP025,Partido Socialista de Chile PS,2016,Oct - Dic,Gastos de adquisición de bienes y servicios o gastos corrientes,Pesos,3272363,5307991,21240852,NA,NA,NA,NA,NA,NA,6236788,NA,885572
PP025,Partido Socialista de Chile PS,2016,Oct - Dic,Gastos financieros por préstamos de corto plazo,Pesos,0,0,0,0,0,0,0,0,0,0,0,0
PP025,Partido Socialista de Chile PS,2016,Oct - Dic,Gastos financieros por préstamos de largo plazo,Pesos,0,0,0,0,0,0,0,0,0,0,0,0
PP025,Partido Socialista de Chile PS,2016,Oct - Dic,Otros gastos de administración,Pesos,27715845,36805104,9543065,NA,NA,NA,NA,NA,NA,8341681,NA,NA
PP025,Partido Socialista de Chile PS,2016,Oct - Dic,Gastos de actividades de investigación,Pesos,0,0,0,0,0,0,0,0,0,0,0,0
PP025,Partido Socialista de Chile PS,2016,Oct - Dic,Gastos de actividades de educación cívica,Pesos,0,0,0,0,NA,NA,NA,NA,NA,0,0,0
PP025,Partido Socialista de Chile PS,2016,Oct - Dic,Gastos de actividades de fomento a la participación femenina,Pesos,0,0,0,0,0,0,0,NA,0,0,0,NA
PP025,Partido Socialista de Chile PS,2016,Oct - Dic,Gastos de actividades de fomento a la participación de los jóvenes,Pesos,0,0,0,0,0,0,0,0,NA,0,0,NA
PP025,Partido Socialista de Chile PS,2016,Oct - Dic,"Créditos de corto plazo, inversiones y valores de operaciones de capital",Pesos,0,0,0,0,0,0,0,0,0,0,0,0
PP025,Partido Socialista de Chile PS,2016,Oct - Dic,"Créditos de largo plazo, inversiones y valores de operaciones de capital",Pesos,11010406,11040487,11086167,NA,NA,NA,NA,NA,NA,11295490,NA,NA
PP025,Partido Socialista de Chile PS,2016,Oct - Dic,Gastos de las actividades de preparación de candidatos a cargos de elección popular,Pesos,0,0,0,0,NA,0,NA,NA,NA,63650,NA,0
PP025,Partido Socialista de Chile PS,2016,Oct - Dic,Gastos de las actividades de formación de militantes,Pesos,0,0,0,0,0,0,0,0,0,0,0,0
PP025,Partido Socialista de Chile PS,2017,Ene - Mar,Gastos de personal,Pesos,48264800,43755009,51948855,0,0,0,0,0,0,0,0,0
PP025,Partido Socialista de Chile PS,2017,Ene - Mar,Gastos de adquisición de bienes y servicios o gastos corrientes,Pesos,15098385,1507884,8603660,0,0,0,0,0,0,0,0,0
PP025,Partido Socialista de Chile PS,2017,Ene - Mar,Gastos financieros por préstamos de corto plazo,Pesos,0,0,0,0,0,0,0,0,0,0,0,0
PP025,Partido Socialista de Chile PS,2017,Ene - Mar,Gastos financieros por préstamos de largo plazo,Pesos,0,0,0,0,0,0,0,0,0,0,0,0
PP025,Partido Socialista de Chile PS,2017,Ene - Mar,Otros gastos de administración,Pesos,17195615,17829520,18539897,0,0,0,0,0,0,0,0,0
PP025,Partido Socialista de Chile PS,2017,Ene - Mar,Gastos de actividades de investigación,Pesos,0,0,0,0,0,0,0,0,0,0,0,0
PP025,Partido Socialista de Chile PS,2017,Ene - Mar,Gastos de actividades de educación cívica,Pesos,6020337,0,3706732,0,0,0,0,0,0,0,0,0
PP025,Partido Socialista de Chile PS,2017,Ene - Mar,Gastos de actividades de fomento a la participación femenina,Pesos,1880360,4271665,0,0,0,0,0,0,0,0,0,0
PP025,Partido Socialista de Chile PS,2017,Ene - Mar,Gastos de actividades de fomento a la participación de los jóvenes,Pesos,2654085,0,530197,0,0,0,0,0,0,0,0,0
PP025,Partido Socialista de Chile PS,2017,Ene - Mar,"Créditos de corto plazo, inversiones y valores de operaciones de capital",Pesos,0,0,0,0,0,0,0,0,0,0,0,0
PP025,Partido Socialista de Chile PS,2017,Ene - Mar,"Créditos de largo plazo, inversiones y valores de operaciones de capital",Pesos,11409548,11362063,1568969,0,0,0,0,0,0,0,0,0
PP025,Partido Socialista de Chile PS,2017,Ene - Mar,Gastos de las actividades de preparación de candidatos a cargos de elección popular,Pesos,7000000,0,22520541,0,0,0,0,0,0,0,0,0
PP025,Partido Socialista de Chile PS,2017,Ene - Mar,Gastos de las actividades de formación de militantes,Pesos,6927900,0,0,0,0,0,0,0,0,0,0,0
PP027,Partido Poder Ciudadano,2017,Ene - Mar,Gastos de Personal,Pesos,450000,450000,0,0,0,0,0,0,0,0,0,0
PP027,Partido Poder Ciudadano,2017,Ene - Mar,Gastos de adquisición de bienes y servicios o gastos corrientes,Pesos,1900000,0,0,0,0,0,0,0,0,0,0,0
PP027,Partido Poder Ciudadano,2017,Ene - Mar,Gastos financieros por préstamos de corto plazo,Pesos,0,0,0,0,0,0,0,0,0,0,0,0
PP027,Partido Poder Ciudadano,2017,Ene - Mar,Gastos financieros por préstamos de largo plazo,Pesos,0,0,0,0,0,0,0,0,0,0,0,0
PP027,Partido Poder Ciudadano,2017,Ene - Mar,Otros gastos de administración,Pesos,1704330,0,0,0,0,0,0,0,0,0,0,0
PP027,Partido Poder Ciudadano,2017,Ene - Mar,Gastos de actividades de investigación,Pesos,0,0,0,0,0,0,0,0,0,0,0,0
PP027,Partido Poder Ciudadano,2017,Ene - Mar,Gastos de actividades de educación cívica,Pesos,137000,0,0,0,0,0,0,0,0,0,0,0
PP027,Partido Poder Ciudadano,2017,Ene - Mar,Gastos de actividades de fomento a la participación femenina,Pesos,0,0,0,0,0,0,0,0,0,0,0,0
PP027,Partido Poder Ciudadano,2017,Ene - Mar,Gastos de actividades de fomento a la participación de los jóvenes,Pesos,0,0,0,0,0,0,0,0,0,0,0,0
PP027,Partido Poder Ciudadano,2017,Ene - Mar,Gastos financieros por préstamos de corto plazo,Pesos,0,0,0,0,0,0,0,0,0,0,0,0
PP027,Partido Poder Ciudadano,2017,Ene - Mar,Gastos financieros por préstamos de largo plazo,Pesos,0,0,0,0,0,0,0,0,0,0,0,0
PP027,Partido Poder Ciudadano,2017,Ene - Mar,"Créditos de corto plazo, inversiones y valores de operaciones de capital",Pesos,0,0,0,0,0,0,0,0,0,0,0,0
PP027,Partido Poder Ciudadano,2017,Ene - Mar,"Créditos de largo plazo, inversiones y valores de operaciones de capital",Pesos,0,0,0,0,0,0,0,0,0,0,0,0
PP027,Partido Poder Ciudadano,2017,Ene - Mar,Gastos de las actividades de preparación de candidatos a cargos de elección popular,Pesos,340000,0,0,0,0,0,0,0,0,0,0,0
PP027,Partido Poder Ciudadano,2017,Ene - Mar,Gastos de las actividades de formación de militantes,Pesos,796000,189626,0,0,0,0,0,0,0,0,0,0
PP028,Partido Renovación Nacional (RN),2016,Oct - Dic,Gastos de personal,Pesos,0,0,0,0,0,0,0,0,0,41989941,NA,NA
PP028,Partido Renovación Nacional (RN),2016,Oct - Dic,Gastos de adquisición de bienes y servicios o gastos corrientes,Pesos,0,0,0,0,0,0,0,0,0,4314835,NA,NA
PP028,Partido Renovación Nacional (RN),2016,Oct - Dic,Gastos financieros por préstamos de corto plazo,Pesos,0,0,0,0,0,0,0,0,0,9550529,46343,0
PP028,Partido Renovación Nacional (RN),2016,Oct - Dic,Gastos financieros por préstamos de largo plazo,Pesos,0,0,0,0,0,0,0,0,0,0,0,0
PP028,Partido Renovación Nacional (RN),2016,Oct - Dic,Otros gastos de administración,Pesos,0,0,0,0,0,0,0,0,0,13171959,NA,NA
PP028,Partido Renovación Nacional (RN),2016,Oct - Dic,Gastos de actividades de investigación,Pesos,0,0,0,0,0,0,0,0,0,0,0,0
PP028,Partido Renovación Nacional (RN),2016,Oct - Dic,Gastos de actividades de educación cívica,Pesos,0,0,0,0,0,0,0,0,0,1514444,0,NA
PP028,Partido Renovación Nacional (RN),2016,Oct - Dic,Gastos de actividades de fomento a la participación femenina,Pesos,0,0,0,0,0,0,0,0,0,7752930,NA,NA
PP028,Partido Renovación Nacional (RN),2016,Oct - Dic,Gastos de actividades de fomento a la participación de los jóvenes,Pesos,0,0,0,0,0,0,0,0,0,1368418,777778,777778
PP028,Partido Renovación Nacional (RN),2016,Oct - Dic,"Créditos de corto plazo, inversiones y valores de operaciones de capital",Pesos,0,0,0,0,0,0,0,0,0,90753937,0,0
PP028,Partido Renovación Nacional (RN),2016,Oct - Dic,"Créditos de largo plazo, inversiones y valores de operaciones de capital",Pesos,0,0,0,0,0,0,0,0,0,0,0,0
PP028,Partido Renovación Nacional (RN),2016,Oct - Dic,Gastos de las actividades de preparación de candidatos a cargos de elección popular,Pesos,0,0,0,0,0,0,0,0,0,0,0,0
PP028,Partido Renovación Nacional (RN),2016,Oct - Dic,Gastos de las actividades de formación de militantes,Pesos,0,0,0,0,0,0,0,0,0,0,0,0
PP029,Partido Revolución Democrática (RD),2016,Oct - Dic,Gastos de personal,Pesos,0,0,0,0,0,0,0,0,0,0,0,0
PP029,Partido Revolución Democrática (RD),2016,Oct - Dic,Gastos de adquisición de bienes y servicios o gastos corrientes,Pesos,0,0,0,0,0,0,0,0,0,2371721,NA,NA
PP029,Partido Revolución Democrática (RD),2016,Oct - Dic,Gastos financieros por préstamos de corto plazo,Pesos,0,0,0,0,0,0,0,0,0,0,0,0
PP029,Partido Revolución Democrática (RD),2016,Oct - Dic,Gastos financieros por préstamos de largo plazo,Pesos,0,0,0,0,0,0,0,0,0,0,0,0
PP029,Partido Revolución Democrática (RD),2016,Oct - Dic,Otros gastos de administración,Pesos,0,0,0,0,0,0,0,0,0,941324,NA,NA
PP029,Partido Revolución Democrática (RD),2016,Oct - Dic,Gastos de actividades de investigación,Pesos,0,0,0,0,0,0,0,0,0,0,0,0
PP029,Partido Revolución Democrática (RD),2016,Oct - Dic,Gastos de actividades de educación cívica,Pesos,0,0,0,0,0,0,0,0,0,0,0,0
PP029,Partido Revolución Democrática (RD),2016,Oct - Dic,Gastos de actividades de fomento a la participación femenina,Pesos,0,0,0,0,0,0,0,0,0,0,0,NA
PP029,Partido Revolución Democrática (RD),2016,Oct - Dic,Gastos de actividades de fomento a la participación de los jóvenes,Pesos,0,0,0,0,0,0,0,0,0,0,0,0
PP029,Partido Revolución Democrática (RD),2016,Oct - Dic,"Créditos de corto plazo, inversiones y valores de operaciones de capital",Pesos,0,0,0,0,0,0,0,0,0,0,0,0
PP029,Partido Revolución Democrática (RD),2016,Oct - Dic,"Créditos de largo plazo, inversiones y valores de operaciones de capital",Pesos,0,0,0,0,0,0,0,0,0,0,0,0
PP029,Partido Revolución Democrática (RD),2016,Oct - Dic,Gastos de las actividades de preparación de candidatos a cargos de elección popular,Pesos,0,0,0,0,0,0,0,0,0,0,0,0
PP029,Partido Revolución Democrática (RD),2016,Oct - Dic,Gastos de las actividades de formación de militantes,Pesos,0,0,0,0,0,0,0,0,0,0,0,0
PP029,Partido Revolución Democrática (RD),2017,Ene - Mar,Gastos de adquisición de bienes y servicios o gastos corrientes,Pesos,5133315,7368320,6477086,0,0,0,0,0,0,0,0,0
PP029,Partido Revolución Democrática (RD),2017,Ene - Mar,Gastos financieros por préstamos de corto plazo,Pesos,0,0,0,0,0,0,0,0,0,0,0,0
PP029,Partido Revolución Democrática (RD),2017,Ene - Mar,Gastos financieros por préstamos de largo plazo,Pesos,0,0,0,0,0,0,0,0,0,0,0,0
PP029,Partido Revolución Democrática (RD),2017,Ene - Mar,Otros gastos de administración,Pesos,1450000,2160000,1050000,0,0,0,0,0,0,0,0,0
PP029,Partido Revolución Democrática (RD),2017,Ene - Mar,Gastos de actividades de investigación,Pesos,0,0,0,0,0,0,0,0,0,0,0,0
PP029,Partido Revolución Democrática (RD),2017,Ene - Mar,Gastos de actividades de educación cívica,Pesos,0,0,0,0,0,0,0,0,0,0,0,0
PP029,Partido Revolución Democrática (RD),2017,Ene - Mar,Gastos de actividades de fomento a la participación femenina,Pesos,0,0,0,0,0,0,0,0,0,0,0,0
PP029,Partido Revolución Democrática (RD),2017,Ene - Mar,Gastos de actividades de fomento a la participación de los jóvenes,Pesos,0,0,0,0,0,0,0,0,0,0,0,0
PP029,Partido Revolución Democrática (RD),2017,Ene - Mar,"Créditos de corto plazo, inversiones y valores de operaciones de capital",Pesos,0,0,0,0,0,0,0,0,0,0,0,0
PP029,Partido Revolución Democrática (RD),2017,Ene - Mar,"Créditos de largo plazo, inversiones y valores de operaciones de capital",Pesos,0,0,0,0,0,0,0,0,0,0,0,0
PP029,Partido Revolución Democrática (RD),2017,Ene - Mar,Gastos de las actividades de preparación de candidatos a cargos de elección popular,Pesos,0,0,0,0,0,0,0,0,0,0,0,0
PP029,Partido Revolución Democrática (RD),2017,Ene - Mar,Gastos de las actividades de formación de militantes,Pesos,0,0,0,0,0,0,0,0,0,0,0,0
PP029,Partido Revolución Democrática (RD),2017,Abr - Jun,Gastos de adquisición de bienes y servicios o gastos corrientes,Pesos,0,0,0,NA,0,0,0,0,0,0,0,0
PP029,Partido Revolución Democrática (RD),2017,Abr - Jun,Gastos financieros por préstamos de corto plazo,Pesos,0,0,0,0,0,0,0,0,0,0,0,0
PP029,Partido Revolución Democrática (RD),2017,Abr - Jun,Gastos financieros por préstamos de largo plazo,Pesos,0,0,0,0,0,0,0,0,0,0,0,0
PP029,Partido Revolución Democrática (RD),2017,Abr - Jun,Otros gastos de administración,Pesos,0,0,0,NA,0,0,0,0,0,0,0,0
PP029,Partido Revolución Democrática (RD),2017,Abr - Jun,Gastos de actividades de investigación,Pesos,0,0,0,0,0,0,0,0,0,0,0,0
PP029,Partido Revolución Democrática (RD),2017,Abr - Jun,Gastos de actividades de educación cívica,Pesos,0,0,0,0,0,0,0,0,0,0,0,0
PP029,Partido Revolución Democrática (RD),2017,Abr - Jun,Gastos de actividades de fomento a la participación femenina,Pesos,0,0,0,0,0,0,0,0,0,0,0,0
PP029,Partido Revolución Democrática (RD),2017,Abr - Jun,Gastos de actividades de fomento a la participación de los jóvenes,Pesos,0,0,0,0,0,0,0,0,0,0,0,0
PP029,Partido Revolución Democrática (RD),2017,Abr - Jun,"Créditos de corto plazo, inversiones y valores de operaciones de capital",Pesos,0,0,0,0,0,0,0,0,0,0,0,0
PP029,Partido Revolución Democrática (RD),2017,Abr - Jun,"Créditos de largo plazo, inversiones y valores de operaciones de capital",Pesos,0,0,0,0,0,0,0,0,0,0,0,0
PP029,Partido Revolución Democrática (RD),2017,Abr - Jun,Gastos de las actividades de preparación de candidatos a cargos de elección popular,Pesos,0,0,0,0,0,0,0,0,0,0,0,0
PP029,Partido Revolución Democrática (RD),2017,Abr - Jun,Gastos de las actividades de formación de militantes,Pesos,0,0,0,0,0,0,0,0,0,0,0,0
PP030,Partido Ciudadanos (CIU),2016,Oct - Dic,Gastos de Personal,Pesos,0,0,0,0,0,0,0,0,0,0,0,NA
PP030,Partido Ciudadanos (CIU),2016,Oct - Dic,Gastos de adquisición de bienes y servicios o gastos corrientes,Pesos,0,0,0,0,0,0,0,0,0,0,0,121288
PP030,Partido Ciudadanos (CIU),2016,Oct - Dic,Gastos financieros por préstamos de corto plazo,Pesos,0,0,0,0,0,0,0,0,0,0,0,0
PP030,Partido Ciudadanos (CIU),2016,Oct - Dic,Gastos financieros por préstamos de largo plazo,Pesos,0,0,0,0,0,0,0,0,0,0,0,0
PP030,Partido Ciudadanos (CIU),2016,Oct - Dic,Otros gastos de administración,Pesos,0,0,0,0,0,0,0,0,0,0,0,0
PP030,Partido Ciudadanos (CIU),2016,Oct - Dic,Gastos de actividades de investigación,Pesos,0,0,0,0,0,0,0,0,0,0,0,0
PP030,Partido Ciudadanos (CIU),2016,Oct - Dic,Gastos de actividades de educación cívica,Pesos,0,0,0,0,0,0,0,0,0,0,0,0
PP030,Partido Ciudadanos (CIU),2016,Oct - Dic,Gastos de actividades de fomento a la participación femenina,Pesos,0,0,0,0,0,0,0,0,0,0,0,0
PP030,Partido Ciudadanos (CIU),2016,Oct - Dic,Gastos de actividades de fomento a la participación de los jóvenes,Pesos,0,0,0,0,0,0,0,0,0,0,0,0
PP030,Partido Ciudadanos (CIU),2016,Oct - Dic,Gastos financieros por préstamos de corto plazo,Pesos,0,0,0,0,0,0,0,0,0,0,0,0
PP030,Partido Ciudadanos (CIU),2016,Oct - Dic,Gastos financieros por préstamos de largo plazo,Pesos,0,0,0,0,0,0,0,0,0,0,0,0
PP030,Partido Ciudadanos (CIU),2016,Oct - Dic,"Créditos de corto plazo, inversiones y valores de operaciones de capital",Pesos,0,0,0,0,0,0,0,0,0,0,0,0
PP030,Partido Ciudadanos (CIU),2016,Oct - Dic,"Créditos de largo plazo, inversiones y valores de operaciones de capital",Pesos,0,0,0,0,0,0,0,0,0,0,0,0
PP030,Partido Ciudadanos (CIU),2016,Oct - Dic,Gastos de las actividades de preparación de candidatos a cargos de elección popular,Pesos,0,0,0,0,0,0,0,0,0,0,0,0
PP030,Partido Ciudadanos (CIU),2016,Oct - Dic,Gastos de las actividades de formación de militantes,Pesos,0,0,0,0,0,0,0,0,0,0,0,0
PP030,Partido Ciudadanos (CIU),2017,Ene - Mar,Gastos de Personal,Pesos,3277778,2777778,0,0,0,0,0,0,0,0,0,0
PP030,Partido Ciudadanos (CIU),2017,Ene - Mar,Gastos de adquisición de bienes y servicios o gastos corrientes,Pesos,0,0,0,0,0,0,0,0,0,0,0,0
PP030,Partido Ciudadanos (CIU),2017,Ene - Mar,Gastos financieros por préstamos de corto plazo,Pesos,0,0,0,0,0,0,0,0,0,0,0,0
PP030,Partido Ciudadanos (CIU),2017,Ene - Mar,Gastos financieros por préstamos de largo plazo,Pesos,0,0,0,0,0,0,0,0,0,0,0,0
PP030,Partido Ciudadanos (CIU),2017,Ene - Mar,Otros gastos de administración,Pesos,0,0,0,0,0,0,0,0,0,0,0,0
PP030,Partido Ciudadanos (CIU),2017,Ene - Mar,Gastos de actividades de investigación,Pesos,0,0,0,0,0,0,0,0,0,0,0,0
PP030,Partido Ciudadanos (CIU),2017,Ene - Mar,Gastos de actividades de educación cívica,Pesos,0,0,0,0,0,0,0,0,0,0,0,0
PP030,Partido Ciudadanos (CIU),2017,Ene - Mar,Gastos de actividades de fomento a la participación femenina,Pesos,0,0,0,0,0,0,0,0,0,0,0,0
PP030,Partido Ciudadanos (CIU),2017,Ene - Mar,Gastos de actividades de fomento a la participación de los jóvenes,Pesos,0,0,0,0,0,0,0,0,0,0,0,0
PP030,Partido Ciudadanos (CIU),2017,Ene - Mar,Gastos financieros por préstamos de corto plazo,Pesos,0,0,0,0,0,0,0,0,0,0,0,0
PP030,Partido Ciudadanos (CIU),2017,Ene - Mar,Gastos financieros por préstamos de largo plazo,Pesos,0,0,0,0,0,0,0,0,0,0,0,0
PP030,Partido Ciudadanos (CIU),2017,Ene - Mar,"Créditos de corto plazo, inversiones y valores de operaciones de capital",Pesos,0,0,0,0,0,0,0,0,0,0,0,0
PP030,Partido Ciudadanos (CIU),2017,Ene - Mar,"Créditos de largo plazo, inversiones y valores de operaciones de capital",Pesos,0,0,0,0,0,0,0,0,0,0,0,0
PP030,Partido Ciudadanos (CIU),2017,Ene - Mar,Gastos de las actividades de preparación de candidatos a cargos de elección popular,Pesos,0,0,0,0,0,0,0,0,0,0,0,0
PP030,Partido Ciudadanos (CIU),2017,Ene - Mar,Gastos de las actividades de formación de militantes,Pesos,0,0,0,0,0,0,0,0,0,0,0,0
PP031,Partido Todos,2016,Oct - Dic,Gastos de personal,Pesos,0,0,0,0,0,0,0,0,0,0,0,NA
PP031,Partido Todos,2016,Oct - Dic,Gastos de adquisición de bienes y servicios o gastos corrientes,Pesos,0,0,0,0,0,0,0,0,0,0,0,NA
PP031,Partido Todos,2016,Oct - Dic,Gastos financieros por préstamos de corto plazo,Pesos,0,0,0,0,0,0,0,0,0,0,0,0
PP031,Partido Todos,2017,Oct - Dic,Gastos financieros por préstamos de largo plazo,Pesos,0,0,0,0,0,0,0,0,0,0,0,0
PP031,Partido Todos,2016,Oct - Dic,Otros gastos de administración,Pesos,0,0,0,0,0,0,0,0,0,0,0,0
PP031,Partido Todos,2016,Oct - Dic,Gastos de actividades de investigación,Pesos,0,0,0,0,0,0,0,0,0,0,0,0
PP031,Partido Todos,2016,Oct - Dic,Gastos de actividades de educación cívica,Pesos,0,0,0,0,0,0,0,0,0,0,0,0
PP031,Partido Todos,2016,Oct - Dic,Gastos de actividades de fomento a la participación femenina,Pesos,0,0,0,0,0,0,0,0,0,0,0,0
PP031,Partido Todos,2016,Oct - Dic,Gastos de actividades de fomento a la participación de los jóvenes,Pesos,0,0,0,0,0,0,0,0,0,0,0,0
PP031,Partido Todos,2016,Oct - Dic,"Créditos de corto plazo, inversiones y valores de operaciones de capital",Pesos,0,0,0,0,0,0,0,0,0,0,0,0
PP031,Partido Todos,2017,Oct - Dic,"Créditos de largo plazo, inversiones y valores de operaciones de capital",Pesos,0,0,0,0,0,0,0,0,0,0,0,0
PP031,Partido Todos,2016,Oct - Dic,Gastos de las actividades de preparación de candidatos a cargos de elección popular,Pesos,0,0,0,0,0,0,0,0,0,0,0,0
PP031,Partido Todos,2016,Oct - Dic,Gastos de las actividades de formación de militantes,Pesos,0,0,0,0,0,0,0,0,0,0,0,0
PP031,Partido Todos,2017,Ene - Mar,Gastos de personal,Pesos,1800000,0,0,0,0,0,0,0,0,0,0,0
PP031,Partido Todos,2017,Ene - Mar,Gastos de adquisición de bienes y servicios o gastos corrientes,Pesos,1093474,0,0,0,0,0,0,0,0,0,0,0
PP031,Partido Todos,2017,Ene - Mar,Gastos financieros por préstamos de corto plazo,Pesos,0,0,0,0,0,0,0,0,0,0,0,0
PP031,Partido Todos,2017,Ene - Mar,Gastos financieros por préstamos de largo plazo,Pesos,0,0,0,0,0,0,0,0,0,0,0,0
PP031,Partido Todos,2017,Ene - Mar,Otros gastos de administración,Pesos,0,0,0,0,0,0,0,0,0,0,0,0
PP031,Partido Todos,2017,Ene - Mar,Gastos de actividades de investigación,Pesos,0,0,0,0,0,0,0,0,0,0,0,0
PP031,Partido Todos,2017,Ene - Mar,Gastos de actividades de educación cívica,Pesos,0,0,0,0,0,0,0,0,0,0,0,0
PP031,Partido Todos,2017,Ene - Mar,Gastos de actividades de fomento a la participación femenina,Pesos,0,0,0,0,0,0,0,0,0,0,0,0
PP031,Partido Todos,2017,Ene - Mar,Gastos de actividades de fomento a la participación de los jóvenes,Pesos,0,0,0,0,0,0,0,0,0,0,0,0
PP031,Partido Todos,2017,Ene - Mar,"Créditos de corto plazo, inversiones y valores de operaciones de capital",Pesos,0,0,0,0,0,0,0,0,0,0,0,0
PP031,Partido Todos,2017,Ene - Mar,"Créditos de largo plazo, inversiones y valores de operaciones de capital",Pesos,0,0,0,0,0,0,0,0,0,0,0,0
PP031,Partido Todos,2017,Ene - Mar,Gastos de las actividades de preparación de candidatos a cargos de elección popular,Pesos,0,0,0,0,0,0,0,0,0,0,0,0
PP031,Partido Todos,2017,Ene - Mar,Gastos de las actividades de formación de militantes,Pesos,0,0,0,0,0,0,0,0,0,0,0,0
